<application>
  <component name="ExportableFileTemplateSettings">
    <default_templates>
      <template name=" DMIT2015 JAX-RS RESTAssured Faker IT.java" file-name="${EntityName}RestAssuredFakerIT" reformat="true" live-template-enabled="false" />
      <template name="DMIT2015 Arquillian.xml.xml" file-name="arquillian" reformat="true" live-template-enabled="false" />
      <template name="DMIT2015 Faces ApplicationScoped Backing Bean.java" file-name="${NAME}App" reformat="true" live-template-enabled="false" />
      <template name="DMIT2015 Faces Config File.xml" file-name="faces-config.xml" reformat="true" live-template-enabled="false" />
      <template name="DMIT2015 Faces CRUD Backing Bean.java" file-name="${ModelClass}CrudView" reformat="true" live-template-enabled="false" />
      <template name="DMIT2015 Faces CRUD Page Selenium GeneratedId Test.java" file-name="${EntityName}CrudPageSeleniumIT" reformat="true" live-template-enabled="false" />
      <template name="DMIT2015 Faces RequestScoped Backing Bean.java" file-name="${NAME}Request" reformat="true" live-template-enabled="false" />
      <template name="DMIT2015 Faces SessionScoped Backing Bean.java" file-name="${NAME}Session" reformat="true" live-template-enabled="false" />
      <template name="DMIT2015 Faces Template.xhtml" file-name="layout.xhtml" reformat="true" live-template-enabled="false" />
      <template name="DMIT2015 Faces View Expired Page.xhtml" file-name="expired" reformat="true" live-template-enabled="false" />
      <template name="DMIT2015 Faces ViewScoped Backing Bean.java" file-name="${NAME}View" reformat="true" live-template-enabled="false" />
      <template name="DMIT2015 Firebase REST API Http Request.http" file-name="FirebaseRealtimeDatabase_${JsonDataPath}_HttpRequest" reformat="true" live-template-enabled="false" />
      <template name="DMIT2015 FirebaseAuth Faces FacesLogout.java" file-name="FacesLogout" reformat="true" live-template-enabled="false" />
      <template name="DMIT2015 FirebaseAuth Faces FirebaseAuthSignIn.java" file-name="FirebaseAuthSignIn" reformat="true" live-template-enabled="false" />
      <template name="DMIT2015 FirebaseAuth Faces FirebaseAuthSignInSession.java" file-name="FirebaseAuthSignInSession" reformat="true" live-template-enabled="false" />
      <template name="DMIT2015 FirebaseAuth REST API Client.java" file-name="FirebaseAuthService" reformat="true" live-template-enabled="false" />
      <template name="DMIT2015 FirebaseAuth SignInResponsePayload.java" file-name="FirebaseAuthSignInResponsePayload" reformat="true" live-template-enabled="false" />
      <template name="DMIT2015 Jakarta Persistence ApplicationConfig.java" file-name="ApplicationConfig" reformat="true" live-template-enabled="false" />
      <template name="DMIT2015 Jakarta Persistence Data Generator.java" file-name="JakartaPersistenceDataGenerator" reformat="true" live-template-enabled="false" />
      <template name="DMIT2015 Jakarta Persistence Database Schema Generator.java" file-name="JakartaPersistenceSchemaGenerator" reformat="true" live-template-enabled="false" />
      <template name="DMIT2015 Jakarta Persistence Entity Class.java" file-name="${EntityName}" reformat="true" live-template-enabled="false" />
      <template name="DMIT2015 Jakarta Persistence Entity Class Initializer.java" file-name="${EntityName}Initializer" reformat="true" live-template-enabled="false" />
      <template name="DMIT2015 Jakarta Persistence Model Service Implementation Arquillian Integration Test.java" file-name="JakartaPersistence${EntityName}ServiceImplementationArquillianIT" reformat="true" live-template-enabled="false" />
      <template name="DMIT2015 Jakarta Persistence Model Service Implementation TestContainer Integration Test.java" file-name="JakartaPersistence${EntityName}ServiceImplementationTestContainerIT" reformat="true" live-template-enabled="false" />
      <template name="DMIT2015 Jakarta Persistence persistence.xml.xml" file-name="persistence.xml" reformat="true" live-template-enabled="false" />
      <template name="DMIT2015 JavaBean Validator.java" file-name="JavaBeanValidator" reformat="true" live-template-enabled="false" />
      <template name="DMIT2015 JAX-RS Application Path.java" file-name="JaxRsApplication" reformat="true" live-template-enabled="false" />
      <template name="DMIT2015 JAX-RS Cors Filter.java" file-name="CorsProcessingFilter" reformat="true" live-template-enabled="false" />
      <template name="DMIT2015 JAX-RS DTO Mapper.java" file-name="${EntityName}Mapper" reformat="true" live-template-enabled="false" />
      <template name="DMIT2015 JAX-RS DTO Resource.java" file-name="${EntityName}DtoResource" reformat="true" live-template-enabled="false" />
      <template name="DMIT2015 JAX-RS Resource.java" file-name="${EntityName}Resource" reformat="true" live-template-enabled="false" />
      <template name="DMIT2015 JAX-RS REST API Http Client.java" file-name="${EntityName}HttpRequest" reformat="true" live-template-enabled="false" />
      <template name="DMIT2015 JAX-RS RESTAssured Parameterized IT.java" file-name="${EntityName}RestAssuredParameterizedIT" reformat="true" live-template-enabled="false" />
      <template name="DMIT2015 Model Service Interface.java" file-name="${ModelClass}Service" reformat="true" live-template-enabled="false" />
      <template name="DMIT2015 Model Service Interface Firebase Http Client Implementation.java" file-name="FirebaseHttpClient${ModelClass}Service" reformat="true" live-template-enabled="false" />
      <template name="DMIT2015 Model Service Interface FirebaseRTDB Multi-Tenant Data Implementation.java" file-name="FirebaseMultiTenantHttpClient${ModelClass}Service" reformat="true" live-template-enabled="false" />
      <template name="DMIT2015 Model Service Interface Jakarta Persistence Implementation.java" file-name="JakartaPersistence${ModelClass}Service" reformat="true" live-template-enabled="false" />
      <template name="DMIT2015 Model Service Interface Memory Implementation.java" file-name="Memory${ModelClass}Service" reformat="true" live-template-enabled="false" />
      <template name="DMIT2015 Security Faces Custom 401 Error Page.xhtml" file-name="401" reformat="true" live-template-enabled="false" />
      <template name="DMIT2015 Security Faces Custom 403 Error Page.xhtml" file-name="403.xhtml" reformat="true" live-template-enabled="false" />
      <template name="DMIT2015 Security Faces Custom 404 Error Page.xhtml" file-name="404" reformat="true" live-template-enabled="false" />
      <template name="DMIT2015 Security Faces Custom 500 Error Page.xhtml" file-name="500" reformat="true" live-template-enabled="false" />
      <template name="DMIT2015 Security Faces Custom Banned Page.xhtml" file-name="banned" reformat="true" live-template-enabled="false" />
      <template name="DMIT2015 Security Faces Security Class.java" file-name="Security" reformat="true" live-template-enabled="false" />
      <template name="DMIT2015 Security Interceptor.java" file-name="${EntityName}SecurityInterceptor" reformat="true" live-template-enabled="false" />
      <template name="DMIT2015 Security OpenID Connect Callback Servlet.java" file-name="CallbackServlet" reformat="true" live-template-enabled="false" />
      <template name="DMIT2015 Security OpenID Connect Config Class.java" file-name="OidcConfig" reformat="true" live-template-enabled="false" />
      <template name="DMIT2015 Security OpenID Connect Faces Logout Class.java" file-name="OidcLogout" reformat="true" live-template-enabled="false" />
      <template name="DMIT2015 Security OpenID Connect microprofile-config.properties.properties" file-name="microprofile-config.properties" reformat="true" live-template-enabled="false" />
      <template name="DMIT2015 Security WildFly configure-elytron cli.cli" file-name="configure-elytron" reformat="true" live-template-enabled="false" />
    </default_templates>
    <internal_templates>
      <template name="facelets_jakarta_8.xhtml" reformat="true" live-template-enabled="true" />
      <template name="Jsp File.jsp" reformat="true" live-template-enabled="true" />
      <template name="Jspx File.jspx" reformat="true" live-template-enabled="true" />
    </internal_templates>
  </component>
</application>