<application>
  <component name="ExportableFileTemplateSettings">
    <default_templates>
      <template name="DMIT2015 Faces ApplicationScoped Backing Bean.java" file-name="${NAME}App" reformat="true" live-template-enabled="false" />
      <template name="DMIT2015 Faces Config File.xml" file-name="faces-config.xml" reformat="true" live-template-enabled="false" />
      <template name="DMIT2015 Faces RequestScoped Backing Bean.java" file-name="${NAME}Request" reformat="true" live-template-enabled="false" />
      <template name="DMIT2015 Faces SessionScoped Backing Bean.java" file-name="${NAME}Session" reformat="true" live-template-enabled="false" />
      <template name="DMIT2015 Faces Template.xhtml" file-name="layout.xhtml" reformat="true" live-template-enabled="false" />
      <template name="DMIT2015 Faces ViewScoped Backing Bean.java" file-name="${NAME}View" reformat="true" live-template-enabled="false" />
    </default_templates>
    <internal_templates>
      <template name="facelets_jakarta_8.xhtml" reformat="true" live-template-enabled="true" />
      <template name="Jsp File.jsp" reformat="true" live-template-enabled="true" />
      <template name="Jspx File.jspx" reformat="true" live-template-enabled="true" />
    </internal_templates>
  </component>
</application>