<application>
  <component name="ExportableFileTemplateSettings">
    <default_templates>
      <template name="DMIT2015 Faces ApplicationScoped Backing Bean.java" file-name="${NAME}App" reformat="true" live-template-enabled="false" />
      <template name="DMIT2015 Faces Config File.xml" file-name="faces-config.xml" reformat="true" live-template-enabled="false" />
      <template name="DMIT2015 Faces CRUD Backing Bean.java" file-name="${ModelClass}CrudView" reformat="true" live-template-enabled="false" />
      <template name="DMIT2015 Faces RequestScoped Backing Bean.java" file-name="${NAME}Request" reformat="true" live-template-enabled="false" />
      <template name="DMIT2015 Faces SessionScoped Backing Bean.java" file-name="${NAME}Session" reformat="true" live-template-enabled="false" />
      <template name="DMIT2015 Faces Template.xhtml" file-name="layout.xhtml" reformat="true" live-template-enabled="false" />
      <template name="DMIT2015 Faces ViewScoped Backing Bean.java" file-name="${NAME}View" reformat="true" live-template-enabled="false" />
      <template name="DMIT2015 Firebase REST API Http Request.http" file-name="FirebaseRealtimeDatabase_${JsonDataPath}_HttpRequest" reformat="true" live-template-enabled="false" />
      <template name="DMIT2015 FirebaseAuth Faces FacesLogout.java" file-name="FacesLogout" reformat="true" live-template-enabled="false" />
      <template name="DMIT2015 FirebaseAuth Faces FirebaseAuthSignIn.java" file-name="FirebaseAuthSignIn" reformat="true" live-template-enabled="false" />
      <template name="DMIT2015 FirebaseAuth Faces FirebaseAuthSignInSession.java" file-name="FirebaseAuthSignInSession" reformat="true" live-template-enabled="false" />
      <template name="DMIT2015 FirebaseAuth REST API Client.java" file-name="FirebaseAuthService" reformat="true" live-template-enabled="false" />
      <template name="DMIT2015 FirebaseAuth SignInResponsePayload.java" file-name="FirebaseAuthSignInResponsePayload" reformat="true" live-template-enabled="false" />
      <template name="DMIT2015 Model Service Interface.java" file-name="${ModelClass}Service" reformat="true" live-template-enabled="false" />
      <template name="DMIT2015 Model Service Interface Firebase Http Client Implementation.java" file-name="FirebaseHttpClient${ModelClass}Service" reformat="true" live-template-enabled="false" />
      <template name="DMIT2015 Model Service Interface FirebaseRTDB Multi-Tenant Data Implementation.java" file-name="FirebaseMultiTenantHttpClient${ModelClass}Service" reformat="true" live-template-enabled="false" />
      <template name="DMIT2015 Model Service Interface Memory Implementation.java" file-name="Memory${ModelClass}Service" reformat="true" live-template-enabled="false" />
    </default_templates>
    <internal_templates>
      <template name="facelets_jakarta_8.xhtml" reformat="true" live-template-enabled="true" />
      <template name="Jsp File.jsp" reformat="true" live-template-enabled="true" />
      <template name="Jspx File.jspx" reformat="true" live-template-enabled="true" />
    </internal_templates>
  </component>
</application>