<?xml version='1.0' encoding='UTF-8'?>
<faces-config version="4.0" xmlns="https://jakarta.ee/xml/ns/jakartaee"
              xmlns:xsi="http://www.w3.org/2001/XMLSchema-instance"
              xsi:schemaLocation="https://jakarta.ee/xml/ns/jakartaee
                                  https://jakarta.ee/xml/ns/jakartaee/web-facesconfig_4_0.xsd" >

    <application>
        <el-resolver>org.primefaces.application.exceptionhandler.PrimeExceptionHandlerELResolver</el-resolver>
    </application>

    <factory>
        <exception-handler-factory>org.primefaces.application.exceptionhandler.PrimeExceptionHandlerFactory</exception-handler-factory>
<!--        <exception-handler-factory>org.omnifaces.exceptionhandler.FullAjaxExceptionHandlerFactory</exception-handler-factory>-->
    </factory>

</faces-config>